{"mean_": [3.8450520833333335, 121.59817708532016, 72.38333334028721, 29.104427080601454, 153.06197926402092, 32.424921887616314, 0.4718763029280429, 33.240885416666664], "scale_": [3.3673836124089958, 30.476682453686117, 12.198908489025198, 9.416838933124057, 98.20755764421577, 6.881386566125563, 0.33111281780713875, 11.752572645994181]}